<?xml version="1.0" encoding="UTF-8"?>
<beans default-lazy-init="true"
	xmlns="http://www.springframework.org/schema/beans" xmlns:p="http://www.springframework.org/schema/p"
	xmlns:tx="http://www.springframework.org/schema/tx" xmlns:aop="http://www.springframework.org/schema/aop"
	xmlns:xsi="http://www.w3.org/2001/XMLSchema-instance" xmlns:context="http://www.springframework.org/schema/context"
	xmlns:mvc="http://www.springframework.org/schema/mvc"
	xsi:schemaLocation="
       http://www.springframework.org/schema/beans 
       http://www.springframework.org/schema/beans/spring-beans-3.1.xsd  
       http://www.springframework.org/schema/mvc 
       http://www.springframework.org/schema/mvc/spring-mvc-3.1.xsd   
       http://www.springframework.org/schema/context 
       http://www.springframework.org/schema/context/spring-context-3.1.xsd">

	<!-- 注解驱动 -->
	<mvc:annotation-driven />

	<!-- 扫描包 -->
	<context:component-scan base-package="com"></context:component-scan>
	<!-- <bean
		class="org.springframework.web.servlet.mvc.support.ControllerBeanNameHandlerMapping" />
 -->
<!-- 	<bean
		class="org.springframework.web.servlet.view.InternalResourceViewResolver">
		<property name="suffix" value=".jsp"></property>
	</bean> -->

<!-- 	<bean class="org.springframework.web.servlet.handler.SimpleUrlHandlerMapping">
		<property name="urlMap">
			<map>
				<entry key="/请求的文件路径/**" value="myResourceHandler" />
			</map>
		</property>
		<property name="order" value="100000" />
	</bean> -->


<!-- 	<bean id="myResourceHandler" name="myResourceHandler"
		class="org.springframework.web.servlet.resource.ResourceHttpRequestHandler">
		<property name="locations" value="/请求的文件路径/" />
		<property name="supportedMethods">
			<list>
				<value>GET</value>
				<value>HEAD</value>
				<value>POST</value>
			</list>
		</property>
	</bean> -->
</beans>